date,description,amount
2025-01-03,TRANSFER TO SAVINGS REF855,-526.44
2025-01-04,SQ *NETFLIX.COM 2652 MELBOURNE TAP,-19.45
2025-01-06,EFTPOS SECURE PARKING #529 21/06,-16.52
2025-01-06,EFTPOS CITYLINK 8896 DOCKLANDS,-13.63
2025-01-06,CARD JB HI-FI 9383 CARD 2545,-443.21
2025-01-06,TRANSFER TO SAVINGS REF602,-696.91
2025-01-07,ATM WITHDRAWAL 3052,-36.80
2025-01-08,EFTPOS CHEMIST WAREHOUSE 9509 CARLTON CARD 4268,-29.73
2025-01-09,POS TARGET 04/01,-116.96
2025-01-10,COLES,-70.00
2025-01-11,DOMINOS PIZZA TAP,-28.65
2025-01-11,EFTPOS BUNNINGS TAP,-34.74
2025-01-12,HOYTS BELMONT,-43.94
2025-01-13,SQ *UBER*EATS 7430 SYDNEY AU CARD 3444,-66.80
2025-01-14,VISA PURCHASE UBER *EATS GEELONG AU,-44.06
2025-01-14,TRANSFER TO SAVINGS REF574,-746.49
2025-01-15,CITYLINK #175 WAURN PONDS AU CARD 2033,-20.89
2025-01-15,PAYPAL *SPOTIFY #389,-15.88
2025-01-16,UBER *TRIP 1015 BELMONT,-37.04
2025-01-16,TRANSFER TO J SMITH REF792,-671.85
2025-01-17,PAYPAL *OPTUSBILLING AUS,-46.58
2025-01-18,TARGET DOCKLANDS,-69.17
2025-01-18,PAYPAL *CHEMISTWAREHOUSE 1032,-36.89
2025-01-19,BUPA 7577 BRUNSWICK TAP,-115.30
2025-01-20,SQ *GUZMANYGOMEZ,-33.06
2025-01-22,VISA PURCHASE CHARITY DONATION 01/05,-66.78
2025-01-23,TRANSFER TO SAVINGS REF625,-553.55
2025-01-24,POS AGL 423 GEELONG CARD 8843,-147.80
2025-01-24,SQ *JBHI-FI #909,-647.23
2025-01-26,BLUE FIG CAFE 6911 WAURN PONDS,-34.53
2025-01-28,EFTPOS WOOLWORTHS 18/08,-194.39
2025-01-28,PAYPAL *OPTUSBILLING MELBOURNE AU TAP,-61.22
2025-01-29,PAYPAL *UBER*EATS GEELONG,-41.78
2025-01-31,POS WOOLWORTHS #225 TAP,-136.09
2025-02-02,POS BUPA 1852 TAP,-154.65
2025-02-04,POS PRICELINE PHARMACY #626 WAURN PONDS AU CARD 2092,-46.77
2025-02-06,PAYPAL *ORIGINENERGY #629 SYDNEY AU,-236.84
2025-02-08,PAYPAL *IGA AUS,-61.41
2025-02-10,EFTPOS AGL 1641 BRUNSWICK CARD 1863,-262.86
2025-02-11,SQ *OPTUSBILLING #608 BELMONT 09/02,-107.07
